"Timestamp","What subject(s) do you teach? ","How comfortable are you with using technology for teaching?  ","Do you currently use any digital tools or platforms in your teaching?  ","If yes, what tools do you use? (Select all that apply)  ","How useful do you think AI-powered learning tools would be in your classroom?  ","What type of support do you think AI could provide to help you as a teacher? (Select all that apply)  ","How important is it for the AI system to be able to switch between languages (e.g., Bisaya and English)?  ","What challenges do you face in using technology in your teaching?  ","Would you be open to using an AI-powered assistant in your teaching?  ","What features would you like to see in an AI-powered learning system? (Select all that apply)  ","Any additional comments or suggestions for using AI in education? "
"2025/03/11 10:41:08 PM GMT+8","21st century Literature, empowerment technology, PE 11&12, quality service for tourism and hospitality, macor perspective for tourism and hospitality, applied economics , disaster readiness and risk reduction. ","Very comfortable","Yes","Learning Management Systems (e.g., Moodle)","Useful","Instant feedback for students;Teaching resources (e.g., lesson plans, videos)","Very important","Limited access to educational content in the local language","Maybe","Real-time student support (e.g., instant help from AI)","N/a"
"2025/03/12 2:46:21 PM GMT+8","Araling Panlipunan","Very comfortable","Yes","Learning Management Systems (e.g., Moodle)","Very useful","Personalized learning paths for students;Teaching resources (e.g., lesson plans, videos)","Very important","Lack of resources (e.g., devices, internet)","Yes","Interactive lesson delivery (e.g., quizzes, multimedia)","AI should serve as guidance for teaching."
"2025/03/12 8:53:45 PM GMT+8","ENGLISH","Comfortable","Yes","Zoom/Online meeting tools;Learning Management Systems (e.g., Moodle)","Useful","Personalized learning paths for students;Automated grading/assessment;Teaching resources (e.g., lesson plans, videos)","Very important","Limited access to educational content in the local language","Yes","Interactive lesson delivery (e.g., quizzes, multimedia)","AI IS HELPUL BUT WE HAVE TO USE IT PROPERLY TO AVOID LEARNERS FROM BEING VERY DEPENDENT TO SUCH"
"2025/04/03 10:02:00 AM GMT+8","English, Math","Very comfortable","Yes","Google Classroom;Zoom/Online meeting tools;Learning Management Systems (e.g., Moodle)","Very useful","Language support for students (e.g., Bisaya/English);Teaching resources (e.g., lesson plans, videos)","Important","Limited access to educational content in the local language","Yes","Language support (Bisaya/English)","None"
"2025/04/03 10:10:24 AM GMT+8","Physics, Biology ","Comfortable","Yes","Google Classroom;Zoom/Online meeting tools;AI tools","Very useful","Language support for students (e.g., Bisaya/English);Teaching resources (e.g., lesson plans, videos)","Very important","Lack of resources (e.g., devices, internet)","Yes","Language support (Bisaya/English)","None"
"2025/04/03 10:11:02 AM GMT+8","EsP, English, Math, Filipino, Araling Panlipunan, MAPeH","Very comfortable","Yes","Google Classroom","Very useful","Teaching resources (e.g., lesson plans, videos)","Very important","Limited access to educational content in the local language","Yes","Interactive lesson delivery (e.g., quizzes, multimedia)","secret "
"2025/04/03 10:15:45 AM GMT+8","PE","Comfortable","Yes","Google Classroom","Useful","Teaching resources (e.g., lesson plans, videos)","Neutral","Limited access to educational content in the local language","Yes","Language support (Bisaya/English)","None"
"2025/04/03 10:21:05 AM GMT+8","O10","Very uncomfortable","No","O10","Not useful at all","Shet","Not important at all","Igit","Maybe","Shet","Bootan na bata"
"2025/04/09 8:03:26 PM GMT+8","English, Filipino","Very comfortable","Yes","Google Classroom","Useful","Language support for students (e.g., Bisaya/English);Teaching resources (e.g., lesson plans, videos)","Important","Lack of resources (e.g., devices, internet)","Yes","Language support (Bisaya/English)","N/A"
"2025/04/09 10:35:09 PM GMT+8","Science, English","Very comfortable","Yes","Google Classroom;Learning Management Systems (e.g., Moodle)","Useful","Language support for students (e.g., Bisaya/English);Teaching resources (e.g., lesson plans, videos)","Important","Limited access to educational content in the local language","Yes","Language support (Bisaya/English)","N/A
"